book_id,author_id
b1190,au605
b3148,au609
b2066,au645
b2704,au603
b2770,au295
b3747,au548
b3039,au1413
b3016,au609
b885,au256
b2973,au440
b2722,au199
b3163,au43
b2940,au917
b1326,au1493
b3088,au856
b1424,au234
b3292,au1373
b452,au26
b247,au501
b3983,au414
b1895,au752
b1605,au1529
b1688,au636
b1700,au110
b3790,au1074
b842,au256
b1855,au501
b3703,au1023
b1118,au957
b106,au894
b2991,au1527
b789,au175
b525,au1413
b3299,au1145
b3134,au98
b1125,au1202
b2759,au37
b2742,au1359
b2899,au1074
b290,au128
b634,au474
b3452,au1535
b2542,au109
b1240,au1182
b124,au856
b919,au1220
b2910,au128
b1360,au487
b524,au786
b571,au215
b1027,au1006
b986,au239
b3155,au295
b2938,au1400
b950,au581
b1388,au278
b2951,au1235
b569,au315
b1744,au1413
b3914,au1539
b478,au256
b2614,au1416
b2941,au1341
b2259,au645
b1593,au1510
b2338,au870
b80,au628
b1397,au86
b1588,au923
b3978,au1023
b1139,au225
b1560,au1543
b3509,au1382
b3393,au276
b2166,au1266
b2166,au1339
b3916,au1020
b1599,au733
b3541,au1437
b3421,au1099
b3621,au86
b35,au93
b122,au225
b1918,au611
b2815,au84
b3881,au1318
b1141,au374
b202,au1105
b138,au942
b3842,au408
b1030,au1396
b1030,au1380
b2969,au752
b2769,au978
b3440,au1406
b2528,au1263
b2067,au1334
b752,au295
b1403,au261
b717,au295
b251,au897
b253,au929
b3931,au1034
b997,au306
b3438,au454
b3472,au609
b1120,au1438
b110,au502
b3325,au381
b3882,au1229
b1385,au256
b3923,au650
b3728,au903
b2144,au457
b3570,au1465
b156,au983
b3304,au846
b3705,au1556
b1706,au199
b1973,au746
b3624,au86
b1268,au984
b3870,au897
b2836,au701
b3331,au1110
b3428,au199
b3849,au1170
b1904,au225
b1927,au478
b3294,au489
b998,au1498
b3334,au1530
b3275,au1186
b205,au182
b3711,au1092
b84,au381
b27,au1378
b3268,au431
b3609,au1070
b3709,au242
b1620,au478
b1402,au1214
b1009,au1074
b2061,au1331
b1049,au1100
b848,au479
b1203,au784
b509,au316
b624,au1105
b186,au428
b2686,au474
b2943,au672
b3205,au466
b1106,au252
b3582,au947
b2707,au637
b2937,au1400
b3293,au1132
b1742,au560
b1968,au733
b3315,au132
b3076,au1298
b1053,au569
b3447,au1375
b2692,au612
b1349,au880
b319,au865
b2013,au606
b501,au1511
b3009,au401
b3190,au1067
b2010,au1382
b3579,au533
b1389,au278
b913,au772
b312,au773
b1361,au1490
b2952,au118
b1856,au709
b3003,au837
b2209,au482
b4010,au1270
b3919,au612
b418,au363
b104,au741
b2934,au1546
b777,au1065
b142,au482
b3437,au1365
b1692,au339
b3730,au470
b537,au1254
b3129,au1249
b3501,au222
b3789,au1095
b3146,au458
b601,au999
b3576,au37
b3771,au1268
b2703,au374
b686,au225
b3032,au1085
b2443,au1258
b3218,au975
b370,au80
b1290,au291
b328,au31
b1448,au1231
b3553,au148
b3865,au556
b2176,au301
b844,au1170
b250,au818
b2644,au1477
b2675,au721
b2960,au1172
b3047,au474
b3350,au86
b708,au1124
b708,au1492
b3629,au420
b2613,au331
b51,au431
b652,au839
b652,au284
b3642,au533
b2734,au665
b494,au1271
b455,au870
b837,au551
b215,au733
b1133,au868
b1811,au1537
b94,au738
b2730,au670
b914,au176
b3231,au1204
b3681,au943
b905,au772
b3443,au1052
b3256,au1044
b1884,au917
b3457,au207
b2505,au1338
b55,au502
b2364,au525
b1084,au1481
b1028,au603
b3372,au75
b3248,au1159
b2595,au1254
b677,au675
b32,au225
b493,au1170
b1819,au1012
b2082,au404
b3247,au1494
b3663,au103
b3142,au971
b2332,au353
b994,au1521
b1721,au720
b646,au1382
b1831,au1528
b2090,au1302
b1591,au1321
b515,au520
b2828,au26
b3685,au873
b1010,au431
b1451,au800
b1443,au343
b1565,au878
b1327,au788
b1494,au1165
b3568,au278
b1639,au529
b3418,au99
b3037,au1500
b3025,au1242
b1662,au645
b3866,au1337
b3192,au626
b2305,au352
b725,au562
b2847,au183
b1481,au807
b2591,au130
b3529,au1182
b2812,au1104
b1347,au1353
b2745,au635
b3362,au152
b554,au8
b3795,au800
b3816,au1382
b2811,au611
b3154,au1249
b2563,au1182
b37,au740
b3188,au1220
b3251,au696
b108,au161
b3466,au1385
b797,au959
b797,au1485
b1917,au224
b1821,au1244
b1839,au225
b2388,au1143
b1444,au293
b3034,au596
b1067,au917
b1411,au1330
b3445,au1235
b3147,au374
b694,au222
b901,au1429
b358,au470
b3168,au79
b3422,au417
b2180,au934
b1788,au628
b268,au800
b1065,au703
b1952,au167
b1473,au550
b3591,au466
b1876,au474
b1727,au324
b1727,au1464
b3718,au459
b3271,au1420
b3678,au1170
b2972,au199
b1989,au227
b1870,au645
b1531,au1514
b1387,au278
b371,au1244
b3027,au109
b2582,au483
b2417,au1258
b2809,au429
b3077,au1249
b2442,au1268
b2507,au1353
b941,au424
b4001,au713
b3504,au1479
b3504,au573
b1398,au760
b1328,au1513
b307,au1382
b3691,au1453
b71,au454
b141,au269
b2348,au1104
b69,au1341
b1783,au1300
b3835,au616
b1342,au493
b3950,au886
b2569,au1440
b62,au319
b3688,au738
b194,au1321
b1790,au238
b3544,au832
b3628,au961
b1124,au960
b223,au1105
b3403,au182
b337,au687
b3309,au24
b2817,au1064
b2817,au1119
b2817,au1503
b2817,au1107
b2817,au1475
b212,au958
b282,au1493
b3498,au1527
b585,au215
b2157,au684
b3612,au1378
b1943,au954
b47,au255
b1572,au482
b2205,au1127
b1698,au86
b1073,au311
b1774,au1507
b615,au525
b3561,au709
b1386,au1034
b1423,au1254
b1775,au11
b2429,au1473
b1661,au692
b3035,au1316
b3420,au1312
b2840,au1167
b544,au238
b3660,au407
b826,au772
b3113,au1174
b811,au633
b1828,au1382
b949,au1202
b3079,au1053
b2571,au1042
b3480,au870
b2775,au1199
b93,au633
b2935,au1382
b2691,au534
b3288,au734
b1508,au587
b2808,au1170
b1925,au374
b68,au432
b675,au843
b3105,au1249
b3041,au1471
b1858,au276
b545,au1550
b3380,au369
b3217,au1382
b674,au1382
b674,au298
b674,au502
b685,au936
b73,au597
b1736,au177
b3669,au1170
b812,au1382
b3171,au335
b2898,au484
b103,au1180
b3474,au88
b229,au11
b3574,au358
b653,au1549
b372,au1542
b1140,au42
b1798,au663
b3667,au847
b128,au161
b3892,au128
b1198,au56
b233,au173
b3620,au86
b805,au130
b1645,au1005
b338,au883
b2112,au33
b3439,au364
b2660,au724
b780,au473
b1175,au572
b2559,au941
b1292,au49
b2605,au132
b2029,au1495
b2743,au729
b1122,au623
b335,au832
b2777,au1411
b2865,au1382
b892,au386
b3049,au1220
b3242,au1487
b2548,au386
b3912,au219
b1396,au696
b294,au1150
b1323,au472
b1439,au1473
b1512,au882
b1211,au228
b3585,au1382
b2945,au1435
b2020,au1062
b2351,au1325
b988,au622
b988,au1293
b380,au736
b2883,au609
b1710,au811
b564,au1060
b87,au734
b1180,au1455
b3751,au1507
b555,au264
b614,au750
b1417,au1518
b3895,au870
b3407,au734
b890,au1149
b2273,au1247
b1619,au1272
b2419,au1042
b1551,au640
b3643,au785
b3179,au331
b4003,au198
b2681,au1264
b2162,au1246
b46,au1302
b2109,au1353
b3569,au269
b3700,au236
b3910,au339
b1499,au283
b3735,au199
b1066,au1399
b1648,au72
b3143,au1382
b399,au276
b3605,au609
b2499,au192
b3665,au550
b1476,au173
b806,au339
b3001,au213
b992,au391
b766,au1444
b1038,au441
b1615,au844
b2492,au512
b2395,au1247
b2776,au1382
b3547,au86
b974,au328
b3631,au678
b3069,au1335
b2637,au954
b2698,au382
b2512,au440
b3981,au1348
b3611,au1365
b3716,au307
b3442,au418
b3762,au144
b1144,au1413
b1480,au709
b3719,au440
b296,au1029
b3645,au582
b684,au1426
b2825,au1353
b680,au829
b53,au1291
b2794,au145
b1597,au1108
b1457,au1454
b785,au501
b3843,au1014
b3432,au1085
b491,au349
b2042,au964
b3089,au1157
b563,au478
b3502,au271
b3276,au1353
b1206,au1382
b3540,au1436
b3161,au1381
b3161,au32
b1072,au834
b3519,au944
b2536,au1345
b289,au534
b3677,au398
b72,au1115
b2404,au173
b1236,au289
b2588,au413
b263,au515
b3010,au1116
b2032,au709
b3225,au1258
b3323,au95
b1524,au1247
b757,au639
b2603,au1249
b2309,au499
b3158,au1417
b2967,au1441
b934,au1254
b2888,au1170
b2566,au658
b2225,au63
b1025,au1034
b256,au1086
b3534,au419
b1372,au801
b3575,au272
b3538,au715
b2725,au755
b3552,au471
b1955,au199
b3889,au908
b1029,au1286
b466,au439
b2706,au1448
b3300,au1168
b8,au1019
b2717,au1262
b1913,au1188
b135,au123
b2015,au317
b3710,au64
b758,au1438
b1589,au222
b3185,au1180
b3183,au1141
b2683,au734
b3525,au734
b2855,au1314
b643,au1104
b1369,au56
b718,au505
b3654,au181
b3246,au1353
b791,au18
b3098,au1286
b936,au1454
b3063,au1354
b1766,au870
b705,au675
b3986,au1143
b163,au1138
b1482,au1321
b3602,au1254
b1181,au550
b1183,au225
b1212,au717
b3381,au609
b2541,au594
b2420,au1218
b3395,au469
b404,au86
b2682,au814
b2182,au1338
b2290,au56
b765,au1226
b1894,au478
b3929,au351
b1381,au332
b2634,au1313
b2765,au1403
b1186,au282
b2118,au129
b2000,au199
b193,au636
b1695,au951
b3513,au763
b1696,au1287
b1696,au467
b821,au1497
b3966,au1060
b2557,au200
b39,au77
b3189,au382
b2012,au1498
b2702,au904
b3592,au421
b2877,au382
b3893,au269
b2287,au511
b3191,au1454
b343,au661
b2472,au1370
b3245,au24
b841,au177
b2863,au1265
b3724,au690
b1321,au1262
b82,au774
b1076,au179
b3391,au1533
b3565,au734
b1912,au1382
b3487,au86
b134,au1497
b2349,au333
b2846,au1082
b3604,au479
b3377,au841
b703,au700
b148,au512
b2860,au1050
b121,au942
b3494,au1426
b1172,au223
b1154,au281
b3373,au1371
b3593,au126
b3496,au716
b3794,au1365
b3625,au754
b75,au1522
b2053,au123
b2590,au457
b1454,au1541
b1752,au1048
b133,au942
b236,au822
b1715,au499
b3467,au974
b482,au346
b1354,au269
b3387,au1223
b3578,au1364
b2170,au877
b1115,au1438
b1143,au867
b818,au822
b3005,au783
b2368,au909
b1543,au1314
b2800,au204
b3058,au860
b95,au677
b1860,au1090
b3332,au983
b3120,au1497
b3459,au684
b2869,au209
b3904,au947
b1024,au374
b3900,au319
b1374,au216
b1182,au409
b1846,au874
b2649,au1186
b1779,au1141
b738,au675
b3002,au269
b553,au1143
b100,au379
b2086,au1191
b2568,au773
b590,au796
b3103,au734
b88,au379
b1814,au498
b638,au50
b1796,au1142
b1101,au7
b2610,au440
b340,au1506
b1225,au122
b1522,au86
b1719,au56
b3019,au265
b70,au525
b2098,au842
b3600,au558
b1248,au501
b2816,au933
b2439,au82
b3802,au1180
b3374,au331
b3555,au148
b2867,au183
b700,au836
b3465,au1090
b840,au779
b2639,au1235
b3263,au395
b3897,au1240
b2074,au1049
b2872,au630
b1761,au1183
b2230,au189
b1322,au360
b196,au932
b2942,au562
b2248,au363
b3040,au58
b3122,au1520
b1725,au1400
b3932,au666
b178,au1198
b3556,au205
b2827,au346
b3658,au1438
b3675,au419
b3133,au541
b2798,au514
b591,au222
b664,au1220
b3023,au199
b3232,au215
b170,au173
b1063,au570
b2312,au1205
b2466,au1380
b2466,au1396
b2820,au659
b1797,au463
b1703,au478
b2036,au970
b2670,au1269
b1866,au1476
b3942,au1353
b1760,au1438
b1282,au1115
b1763,au369
b3207,au499
b2345,au56
b1836,au1268
b1653,au1392
b2251,au709
b2276,au1143
b2322,au1382
b2531,au1332
b2849,au331
b512,au1343
b2529,au1
b2529,au1263
b636,au590
b3464,au90
b2527,au1467
b2480,au456
b3920,au1383
b4015,au1122
b1987,au893
b3184,au476
b1537,au1187
b301,au862
b1663,au1170
b2069,au1336
b2762,au756
b2762,au342
b751,au1382
b352,au1296
b2977,au269
b3587,au486
b1602,au315
b3543,au346
b1803,au1146
b2371,au285
b1684,au51
b3692,au22
b1547,au1135
b2786,au468
b3752,au1039
b3752,au1227
b729,au871
b2904,au874
b737,au675
b1709,au1147
b1924,au28
b2792,au1409
b2761,au1057
b665,au455
b1816,au562
b3319,au558
b3517,au344
b2878,au1470
b3666,au1534
b2911,au199
b560,au356
b2258,au123
b696,au222
b3302,au1170
b2620,au1222
b1944,au778
b3308,au382
b3085,au734
b682,au596
b1598,au725
b1934,au984
b3062,au147
b3634,au199
b3206,au805
b3206,au1128
b3206,au318
b3206,au1230
b3206,au1228
b3206,au1045
b2583,au1263
b385,au86
b3429,au612
b3606,au541
b1795,au221
b1768,au1486
b1026,au1105
b3411,au315
b678,au1338
b2260,au142
b3831,au1180
b448,au498
b86,au683
b1244,au1438
b1802,au1498
b1502,au636
b2402,au550
b410,au255
b2907,au711
b683,au809
b164,au848
b2422,au5
b74,au870
b3856,au86
b1044,au346
b440,au539
b972,au633
b2581,au427
b1039,au64
b4005,au1547
b3212,au832
b119,au1501
b3545,au1081
b1051,au105
b3061,au101
b1013,au346
b10,au550
b3690,au1425
b3690,au948
b2114,au33
b538,au1254
b2461,au155
b3324,au783
b3324,au163
b3324,au158
b1041,au222
b3111,au1224
b964,au777
b3797,au346
b2282,au571
b2152,au108
b576,au361
b1492,au462
b2263,au86
b2535,au199
b1982,au1471
b398,au86
b3646,au1421
b3227,au1524
b3244,au983
b1516,au1483
b2354,au357
b3249,au1195
b2119,au97
b2641,au70
b3051,au1225
b3492,au660
b92,au219
b3651,au1507
b2667,au1051
b793,au1282
b721,au222
b3516,au309
b188,au222
b3935,au1426
b2224,au17
b3961,au1471
b3239,au11
b3329,au257
b3974,au843
b623,au1338
b1058,au564
b2255,au458
b969,au615
b3140,au369
b3473,au199
b2643,au1283
b3687,au688
b2856,au1327
b871,au585
b3272,au845
b344,au989
b2131,au1438
b1486,au916
b1421,au835
b2601,au702
b3727,au1526
b801,au1415
b2194,au1253
b2264,au1018
b1757,au1484
b1966,au812
b1840,au131
b389,au225
b234,au173
b825,au1042
b1954,au826
b3738,au1258
b2437,au248
b3884,au1317
b1314,au85
b573,au215
b3162,au1421
b3117,au881
b2842,au119
b2746,au1438
b1003,au72
b2616,au1353
b2858,au522
b438,au269
b118,au109
b535,au1157
b2756,au766
b1848,au459
b83,au431
b1418,au370
b3382,au1454
b2522,au985
b1737,au269
b3551,au331
b702,au1155
b845,au935
b1345,au1498
b3336,au94
b2782,au1036
b2866,au656
b1910,au753
b2871,au48
b3894,au455
b3097,au199
b2984,au995
b2984,au89
b2982,au803
b548,au1472
b3036,au1184
b3632,au128
b3070,au533
b176,au954
b2926,au470
b3968,au56
b3285,au734
b3960,au437
b1477,au1011
b3775,au849
b3775,au1408
b3775,au861
b2715,au1148
b3883,au297
b3560,au81
b2075,au132
b1996,au911
b3528,au255
b3126,au1328
b3533,au734
b2657,au744
b2657,au747
b97,au942
b771,au1382
b3365,au1463
b2254,au1498
b216,au1447
b29,au1516
b2752,au1186
b472,au628
b3360,au1393
b3618,au665
b2339,au336
b541,au1337
b1687,au1407
b368,au938
b3322,au522
b3478,au1221
b1618,au1337
b2504,au367
b2797,au897
b921,au1437
b1786,au507
b2358,au362
b2658,au1070
b952,au1306
b1078,au1247
b2070,au1402
b2070,au279
b113,au978
b2145,au184
b2648,au208
b2671,au1269
b2598,au346
b2864,au206
b1187,au1312
b1641,au542
b959,au104
b1671,au858
b1523,au579
b2081,au1426
b231,au1217
b1826,au821
b102,au25
b1644,au964
b1741,au1377
b34,au502
b2177,au575
b2606,au1471
b1732,au412
b2558,au43
b2586,au1157
b3766,au930
b3815,au760
b1506,au1075
b3515,au177
b1445,au434
b3376,au1076
b225,au210
b3493,au791
b112,au1188
b2160,au1004
b3004,au1283
b3054,au57
b115,au502
b3759,au752
b902,au884
b3289,au286
b3807,au241
b640,au1348
b2946,au58
b2382,au1531
b2886,au157
b3290,au670
b3476,au41
b2195,au1299
b1367,au950
b1889,au346
b1791,au309
b3524,au78
b206,au280
b3139,au1345
b2766,au1459
b1587,au923
b2277,au477
b3698,au954
b1165,au1111
b1165,au1349
b1264,au1069
b64,au823
b3066,au187
b425,au453
b2340,au1438
b310,au339
b1887,au881
b965,au1473
b1489,au830
b3115,au806
b2099,au605
b2502,au461
b942,au1028
b3311,au665
b3858,au676
b3740,au870
b1275,au1030
b1466,au958
b2059,au294
b693,au1121
b1233,au840
b265,au95
b976,au964
b3030,au386
b584,au1471
b3598,au1117
b2174,au1523
b2223,au1521
b3596,au375
b11,au636
b2172,au214
b2172,au519
b2333,au848
b933,au605
b2175,au106
b1659,au267
b922,au56
b1283,au1029
b2058,au1183
b3573,au186
b1123,au1059
b2324,au326
b2767,au1007
b1633,au182
b3433,au1358
b2357,au345
b3563,au1042
b2479,au882
b3337,au199
b3196,au955
b1773,au1261
b3230,au1314
b2519,au199
b1121,au685
b1255,au374
b3026,au738
b2261,au72
b1191,au681
b3086,au1252
b3470,au109
b1972,au14
b1184,au174
b2043,au331
b2432,au1437
b3404,au1088
b2924,au618
b3973,au285
b2359,au1173
b1164,au240
b1553,au19
b359,au181
b3886,au922
b2819,au1497
b59,au199
b2965,au651
b2564,au1458
b230,au1114
b3181,au665
b2697,au203
b258,au1473
b3784,au1301
b2274,au1143
b909,au1471
b3136,au399
b1220,au866
b2537,au143
b3458,au534
b1056,au52
b2663,au1294
b2663,au15
b2663,au27
b1257,au1488
b3045,au346
b2501,au385
b568,au881
b2467,au799
b57,au447
b436,au1336
b2771,au488
b3124,au1453
b3479,au1439
b1288,au291
b1458,au663
b3160,au592
b549,au276
b2193,au1337
b1999,au241
b3847,au900
b1630,au552
b2961,au346
b3281,au693
b2539,au193
b1281,au1398
b1040,au107
b1950,au225
b2822,au211
b3939,au809
b2850,au1436
b1054,au45
b1256,au705
b3783,au928
b3250,au966
b894,au596
b2740,au1242
b755,au1058
b3546,au139
b3672,au752
b2011,au1013
b3424,au1103
b3653,au177
b3050,au1450
b1188,au924
b3484,au644
b3219,au1016
b3770,au752
b3059,au828
b3985,au56
b511,au264
b81,au363
b2724,au915
b1610,au632
b3872,au177
b2931,au492
b2818,au657
b551,au460
b1936,au668
b1135,au512
b405,au1437
b565,au1433
b619,au1449
b96,au967
b1885,au598
b1095,au182
b1064,au1498
b3318,au252
b893,au34
b2832,au204
b1237,au1304
b2900,au268
b3511,au1353
b2285,au911
b2636,au1398
b2708,au585
b1365,au742
b697,au222
b2421,au244
b2654,au953
b1863,au478
b2676,au1130
b3814,au994
b3869,au1360
b2622,au470
b711,au1457
b743,au674
b3510,au39
b517,au184
b642,au86
b3804,au1331
b2843,au1066
b1316,au299
b929,au677
b2890,au249
b2126,au1277
b213,au958
b3449,au350
b1046,au376
b2210,au393
b1656,au418
b1907,au1551
b3149,au1152
b666,au499
b1430,au1022
b33,au767
b783,au799
b3581,au475
b2630,au181
b3164,au578
b970,au523
b334,au863
b1541,au273
b3064,au673
b219,au1501
b3830,au813
b873,au1336
b500,au165
b860,au61
b713,au11
b1740,au962
b3316,au653
b116,au1353
b1739,au482
b2301,au1365
b1043,au1382
b939,au258
b3610,au1462
b3852,au1473
b2684,au398
b130,au305
b1022,au1382
b827,au258
b2651,au1474
b1007,au1094
b3808,au696
b2496,au195
b2526,au1467
b2999,au1351
b589,au1466
b2831,au1423
b2534,au11
b3871,au1178
b3871,au1232
b3871,au912
b3871,au1166
b795,au346
b3742,au757
b278,au727
b1429,au646
b2611,au1091
b2068,au199
b2897,au1018
b1817,au881
b3482,au1018
b3848,au287
b3282,au1176
b781,au1208
b2592,au146
b3203,au1406
b2986,au28
b65,au153
b599,au1140
b985,au927
b3734,au799
b131,au738
b1665,au942
b1991,au1171
b3224,au752
b3527,au1398
b2389,au976
b3229,au1279
b923,au846
b2245,au58
b710,au712
b1401,au378
b2661,au889
b1215,au50
b1285,au1460
b1762,au184
b1746,au301
b2076,au726
b1681,au1158
b2835,au124
b2975,au581
b3641,au1423
b1270,au356
b3038,au59
b1621,au1256
b2532,au1375
b3351,au522
b1162,au672
b3354,au1347
b2331,au797
b4006,au1261
b2773,au1017
b2922,au29
b1074,au217
b2275,au1143
b1556,au370
b3682,au1026
b1453,au438
b2167,au544
b1877,au161
b45,au1273
b3258,au1162
b2852,au1312
b3928,au1073
b742,au27
b2423,au648
b1832,au443
b1930,au1536
b2544,au609
b3107,au457
b220,au515
b309,au288
b3627,au1113
b1830,au1491
b820,au503
b637,au1519
b1683,au1356
b1683,au926
b1683,au802
b3150,au151
b533,au1437
b2576,au735
b1497,au962
b3116,au1497
b341,au1029
b3226,au1512
b1928,au852
b1928,au246
b3548,au1154
b4000,au1008
b2705,au595
b2579,au1391
b2579,au855
b2489,au226
b1400,au599
b2458,au1452
b3462,au665
b78,au1477
b3696,au2
b3586,au1418
b3320,au442
b2758,au359
b2051,au596
b2300,au1365
b252,au929
b345,au531
b3845,au1307
b470,au332
b3454,au58
b3997,au319
b731,au388
b1862,au518
b3505,au83
b3303,au1437
b3008,au1489
b1650,au1096
b2578,au1395
b1111,au969
b2574,au734
b592,au588
b592,au517
b204,au1184
b3266,au468
b2045,au820
b1953,au824
b321,au1494
b861,au1319
b663,au1047
b246,au132
b1320,au371
b3526,au1456
b3170,au1457
b3414,au369
b1604,au1290
b2046,au614
b1032,au1295
b1032,au1071
b2640,au1433
b2281,au1312
b2088,au240
b1552,au238
b2143,au411
b2696,au1471
b3075,au593
b1748,au1482
b2928,au425
b2379,au1437
b3489,au374
b211,au958
b2399,au384
b2962,au325
b2962,au981
b1544,au983
b1023,au1421
b1376,au881
b3084,au1032
b2434,au1496
b3785,au341
b750,au1309
b3779,au1234
b1908,au585
b3507,au757
b2664,au497
b507,au1071
b726,au38
b350,au1190
b1590,au568
b3820,au609
b2783,au346
b3112,au1122
b3296,au634
b2577,au54
b1274,au990
b1520,au1430
b1319,au1123
b1470,au1030
b1909,au546
b3235,au161
b2197,au1326
b1291,au379
b3927,au1054
b1152,au1315
b1767,au770
b3760,au714
b1431,au1522
b3954,au212
b3954,au789
b1750,au1528
b3951,au447
b2876,au298
b209,au958
b1714,au370
b1465,au1382
b3222,au388
b2381,au583
b3461,au1163
b2857,au679
b1864,au907
b3767,au857
b1781,au506
b3072,au1185
b26,au706
b3095,au1398
b2985,au1201
b3455,au534
b1545,au567
b2206,au19
b3539,au1420
b3636,au921
b3128,au1438
b1652,au1438
b1948,au127
b2103,au277
b48,au348
b2055,au255
b1853,au1290
b2665,au0
b67,au1156
b2451,au304
b546,au162
b546,au719
b3603,au46
b1705,au1438
b2168,au1458
b3862,au607
b3763,au584
b3427,au626
b2561,au1438
b2510,au1437
b2751,au757
b1083,au1388
b1036,au758
b513,au1438
b770,au1035
b414,au1337
b353,au810
b232,au611
b232,au1537
b2796,au1114
b1214,au1468
b2096,au1259
b3166,au881
b210,au958
b2739,au116
b3240,au382
b1278,au765
b2679,au1461
b2473,au1372
b1378,au527
b2019,au930
b3262,au1489
b1336,au532
b376,au749
b672,au251
b3999,au1374
b3999,au233
b2895,au710
b542,au168
b374,au559
b3671,au151
b214,au1106
b3413,au1548
b2313,au376
b1105,au460
b723,au60
b3243,au800
b2597,au1382
b2666,au1002
b52,au502
b3699,au977
b3990,au374
b3571,au654
b3799,au470
b3723,au1260
b817,au95
b56,au1085
b570,au1376
b866,au1292
b582,au1354
b3017,au11
b3211,au1366
b802,au1192
b2469,au199
b162,au81
b2989,au134
b3310,au1229
b3512,au1509
b61,au1438
b151,au730
b1467,au1161
b1921,au1098
b832,au430
b2854,au595
b2674,au1410
b2431,au901
b3798,au1333
b2954,au595
b3898,au794
b3518,au1080
b63,au1068
b400,au881
b814,au460
b1082,au538
b938,au671
b938,au625
b3312,au582
b869,au1143
b1390,au423
b2966,au300
b2966,au490
b3989,au508
b60,au439
b3090,au897
b1571,au1426
b3733,au530
b1764,au1076
b2030,au1042
b2733,au1428
b254,au929
b3676,au1436
b3137,au1387
b3694,au465
b66,au881
b3531,au480
b3906,au545
b2445,au916
b3684,au1254
b2916,au436
b3369,au1310
b980,au848
b676,au827
b3067,au1369
b3557,au1471
b2154,au1345
b3813,au1376
b101,au704
b42,au502
b76,au677
b2064,au699
b1093,au1211
b3100,au303
b3695,au1305
b3167,au255
b1674,au853
b195,au1237
b2964,au780
b3018,au1276
b2462,au1539
b1861,au1144
b2556,au888
b3132,au364
b1108,au1193
b594,au846
b305,au1015
b852,au929
b2187,au1283
b484,au1457
b2372,au936
b2211,au1216
b1550,au764
b1800,au1427
b3823,au1438
b2425,au405
b3279,au515
b2330,au734
b3197,au109
b1277,au464
b1916,au1033
b1442,au768
b224,au1104
b3410,au833
b3885,au1311
b3068,au612
b3659,au1209
b2008,au843
b2403,au339
b3499,au1548
b2366,au809
b3127,au161
b2565,au914
b2565,au1451
b2565,au337
b3726,au1384
b3521,au617
b1607,au1200
b1949,au1040
b3818,au1329
b3349,au1032
b2795,au647
b966,au1281
b889,au427
b2546,au468
b217,au557
b3011,au389
b1977,au563
b3908,au798
b2383,au1152
b2787,au1097
b3406,au960
b2744,au44
b1370,au1465
b3530,au323
b3477,au831
b207,au958
b808,au250
b596,au931
b1366,au229
b1226,au1290
b2893,au975
b2231,au59
b3697,au706
b1412,au255
b3241,au1041
b2014,au317
b3746,au1038
b2642,au929
b2550,au1221
b1452,au920
b2688,au374
b3748,au274
b3554,au1305
b200,au1324
b1801,au698
b3398,au128
b719,au799
b647,au164
b2830,au1265
b1163,au419
b932,au723
b1623,au1087
b2905,au975
b1903,au402
b1915,au470
b2016,au144
b1857,au551
b147,au262
b2896,au71
b2265,au1419
b1787,au1003
b2955,au1241
b2750,au135
b2317,au482
b3958,au887
b332,au898
b2680,au600
b3757,au115
b3757,au92
b2701,au576
b2524,au330
b3468,au1306
b2477,au112
b3825,au738
b2655,au613
b3475,au586
b152,au1212
b3118,au1437
b339,au1308
b3441,au1445
b3441,au1175
b1561,au1527
b2035,au734
b943,au819
b597,au1303
b3317,au247
b1450,au205
b605,au787
b3419,au99
b3595,au763
b3595,au876
b3228,au410
b859,au604
b2448,au375
b3708,au1438
b3267,au225
b439,au555
b439,au372
b1810,au1437
b1344,au949
b3216,au252
b3274,au939
b1368,au1234
b3909,au433
b43,au1183
b2207,au1499
b2121,au160
b3081,au881
b2891,au621
b3584,au1497
b23,au451
b736,au675
b2202,au707
b2607,au62
b618,au302
b1664,au1126
b1664,au390
b3704,au100
b2947,au875
b3446,au346
b1879,au1555
b456,au308
b3236,au739
b2216,au1089
b1878,au775
b2139,au1471
b3194,au986
b2284,au1554
b3343,au670
b1513,au627
b1221,au1267
b3590,au1387
b132,au550
b3693,au113
b3577,au1180
b3199,au762
b2318,au1447
b908,au11
b3341,au448
b1865,au624
b628,au1528
b1743,au365
b629,au255
b3273,au231
b90,au312
b1673,au184
b2753,au469
b1627,au859
b531,au881
b1697,au9
b201,au496
b7,au1083
b2027,au164
b3065,au140
b1672,au612
b2731,au720
b989,au1250
b3567,au745
b114,au1285
b3456,au1265
b3182,au1500
b2760,au504
b3891,au1179
b111,au742
b474,au512
b2700,au403
b3901,au1320
b588,au1424
b105,au205
b1289,au896
b1509,au1101
b1252,au677
b1343,au761
b3033,au1099
b2990,au549
b987,au707
b2619,au1048
b3967,au566
b1730,au137
b1404,au1510
b3689,au643
b3689,au580
b3394,au1289
b326,au1188
b2873,au743
b2873,au1102
b3298,au225
b2040,au1379
b870,au11
b716,au1471
b3793,au677
b1227,au460
b140,au1043
b3668,au561
b2373,au125
b3957,au1438
b1085,au338
b2757,au689
b1346,au1194
b753,au87
b1395,au1438
b3851,au439
b3453,au1103
b2729,au1517
b679,au848
b146,au1337
b3321,au708
b1603,au482
b2490,au799
b3344,au1505
b2755,au1203
b2159,au23
b2841,au954
b1527,au1139
b109,au973
b2635,au952
b1585,au225
b3640,au93
b269,au1147
b3975,au1041
b3822,au1480
b2958,au368
b2689,au905
b2689,au373
b3850,au521
b3933,au1188
b2957,au629
b3284,au151
b3490,au541
b2909,au731
b1525,au728
b54,au1390
b1005,au1063
b857,au1243
b978,au1534
b904,au1394
b2026,au132
b3899,au550
b3044,au903
b3355,au380
b1339,au1528
b1935,au50
b3949,au1347
b342,au1188
b3959,au1188
b183,au370
b2738,au47
b720,au356
b1147,au482
b2813,au670
b3434,au76
b1109,au209
b673,au346
b3412,au854
b3626,au1532
b3253,au418
b3514,au956
b3031,au346
b883,au1438
b1601,au784
b2551,au21
b137,au133
b3817,au872
b2141,au697
b2370,au581
b2039,au95
b1754,au1157
b2199,au1517
b3396,au954
b2106,au1034
b3102,au1438
b2250,au595
b3138,au707
b961,au1540
b1778,au1490
b3542,au184
b760,au479
b107,au1342
b3202,au356
b3559,au44
b2949,au565
b2428,au905
b2428,au373
b288,au186
b2987,au370
b2785,au67
b3083,au1278
b136,au400
b3984,au1438
b1965,au1093
b3210,au1515
b1161,au1473
b2885,au509
b1586,au879
b3750,au752
b2355,au591
b2191,au1282
b3423,au457
b2161,au239
b906,au447
b488,au501
b2956,au102
b2311,au312
